2000,2001,2002,2003,2004,2005,2006,2007,2008,2009,2010,2011,2012,2013,2014,2015,2016
"Pivovarni Heineken","Pivovarni Heineken","Pivovarni Heineken","Pivovarni Heineken","Pivovarni Heineken","Pivovarni Heineken","Pivovarni Heineken","Pivovarni Heineken","Pivovarni Heineken","Pivovarni Heineken","Pivovarni Heineken","Pivovarni Heineken","Pivovarni Heineken","Pivovarni Heineken","Pivovarni Heineken","Pivovarni Heineken","Pivovarni Heineken"
"Hainan Asia Pacific Brewery","Hainan Asia Pacific Brewery","Hainan Asia Pacific Brewery","Hainan Asia Pacific Brewery","Hainan Asia Pacific Brewery","Hainan Asia Pacific Brewery","Hainan Asia Pacific Brewery","Hainan Asia Pacific Brewery","Hainan Asia Pacific Brewery","Hainan Asia Pacific Brewery","Hainan Asia Pacific Brewery","Hainan Asia Pacific Brewery","Hainan Asia Pacific Brewery","Hainan Asia Pacific Brewery","Hainan Asia Pacific Brewery","Hainan Asia Pacific Brewery","Hainan Asia Pacific Brewery"
"Shanghai Brewery","Shanghai Brewery","Shanghai Brewery","Shanghai Brewery","Shanghai Brewery","Shanghai Brewery","Shanghai Brewery","Shanghai Brewery","Shanghai Brewery","Shanghai Brewery","Shanghai Brewery","Shanghai Brewery","Shanghai Brewery","Shanghai Brewery","Shanghai Brewery","Shanghai Brewery","Shanghai Brewery"
"Les Brasseries du Congo (Bracongo)","Les Brasseries du Congo (Bracongo)","Les Brasseries du Congo (Bracongo)","Les Brasseries du Congo (Bracongo)","Les Brasseries du Congo (Bracongo)","Les Brasseries du Congo (Bracongo)","Les Brasseries du Congo (Bracongo)","Les Brasseries du Congo (Bracongo)","Les Brasseries du Congo (Bracongo)","Les Brasseries du Congo (Bracongo)","Les Brasseries du Congo (Bracongo)","Les Brasseries du Congo (Bracongo)","Les Brasseries du Congo (Bracongo)","Les Brasseries du Congo (Bracongo)","Les Brasseries du Congo (Bracongo)","Les Brasseries du Congo (Bracongo)","Les Brasseries du Congo (Bracongo)"
"Bralima Brewery (Heineken)","Bralima Brewery (Heineken)","Bralima Brewery (Heineken)","Bralima Brewery (Heineken)","Bralima Brewery (Heineken)","Bralima Brewery (Heineken)","Bralima Brewery (Heineken)","Bralima Brewery (Heineken)","Bralima Brewery (Heineken)","Bralima Brewery (Heineken)","Bralima Brewery (Heineken)","Bralima Brewery (Heineken)","Bralima Brewery (Heineken)","Bralima Brewery (Heineken)","Bralima Brewery (Heineken)","Bralima Brewery (Heineken)","Bralima Brewery (Heineken)"
"Brasserie Heineken","Brasserie Heineken","Brasserie Heineken","Brasserie Heineken","Brasserie Heineken","Brasserie Heineken","Brasserie Heineken","Brasserie Heineken","Brasserie Heineken","Brasserie Heineken","Brasserie Heineken","Brasserie Heineken","Brasserie Heineken","Brasserie Heineken","Brasserie Heineken","Brasserie Heineken","Brasserie Heineken"
"ABC Brewing Company","ABC Brewing Company","ABC Brewing Company","ABC Brewing Company","ABC Brewing Company","ABC Brewing Company","ABC Brewing Company","ABC Brewing Company","ABC Brewing Company","ABC Brewing Company","ABC Brewing Company","ABC Brewing Company","ABC Brewing Company","ABC Brewing Company","ABC Brewing Company","ABC Brewing Company",
"Athenian Brewery","Athenian Brewery","Athenian Brewery","Athenian Brewery","Athenian Brewery","Athenian Brewery","Athenian Brewery","Athenian Brewery","Athenian Brewery","Athenian Brewery","Athenian Brewery","Athenian Brewery","Athenian Brewery","Athenian Brewery","Athenian Brewery","Athenian Brewery","Athenian Brewery"
"Brau Union Hungária Sörgyárak / Soprony Brewery","Brau Union Hungária Sörgyárak / Soprony Brewery","Brau Union Hungária Sörgyárak / Soprony Brewery","Brau Union Hungária Sörgyárak / Soprony Brewery","Brau Union Hungária Sörgyárak / Soprony Brewery","Brau Union Hungária Sörgyárak / Soprony Brewery","Brau Union Hungária Sörgyárak / Soprony Brewery","Brau Union Hungária Sörgyárak / Soprony Brewery","Brau Union Hungária Sörgyárak / Soprony Brewery","Brau Union Hungária Sörgyárak / Soprony Brewery","Brau Union Hungária Sörgyárak / Soprony Brewery","Brau Union Hungária Sörgyárak / Soprony Brewery","Brau Union Hungária Sörgyárak / Soprony Brewery","Brau Union Hungária Sörgyárak / Soprony Brewery","Brau Union Hungária Sörgyárak / Soprony Brewery","Brau Union Hungária Sörgyárak / Soprony Brewery","Brau Union Hungária Sörgyárak / Soprony Brewery"
"Bintang","Bintang","Bintang","Bintang","Bintang","Bintang","Bintang","Bintang","Bintang","Bintang","Bintang","Bintang","Bintang","Bintang","Bintang","Bintang","Bintang"
"Heineken Italia SpA","Heineken Italia SpA","Heineken Italia SpA","Heineken Italia SpA","Heineken Italia SpA","Heineken Italia SpA","Heineken Italia SpA","Heineken Italia SpA","Heineken Italia SpA","Heineken Italia SpA","Heineken Italia SpA","Heineken Italia SpA","Heineken Italia SpA","Heineken Italia SpA","Heineken Italia SpA","Heineken Italia SpA","Heineken Italia SpA"
"Lao Asia Pacific Breweries","Lao Asia Pacific Breweries","Lao Asia Pacific Breweries","Lao Asia Pacific Breweries","Lao Asia Pacific Breweries","Lao Asia Pacific Breweries","Lao Asia Pacific Breweries","Lao Asia Pacific Breweries","Lao Asia Pacific Breweries","Lao Asia Pacific Breweries","Lao Asia Pacific Breweries","Lao Asia Pacific Breweries","Lao Asia Pacific Breweries","Lao Asia Pacific Breweries","Lao Asia Pacific Breweries","Lao Asia Pacific Breweries","Lao Asia Pacific Breweries"
"Heineken Nederland B.V.","Heineken Nederland B.V.","Heineken Nederland B.V.","Heineken Nederland B.V.","Heineken Nederland B.V.","Heineken Nederland B.V.","Heineken Nederland B.V.","Heineken Nederland B.V.","Heineken Nederland B.V.","Heineken Nederland B.V.","Heineken Nederland B.V.","Heineken Nederland B.V.","Heineken Nederland B.V.","Heineken Nederland B.V.","Heineken Nederland B.V.","Heineken Nederland B.V.","Heineken Nederland B.V."
"Nigerian Breweries, Ltd.","Nigerian Breweries, Ltd.","Nigerian Breweries, Ltd.","Nigerian Breweries, Ltd.","Nigerian Breweries, Ltd.","Nigerian Breweries, Ltd.","Nigerian Breweries, Ltd.","Nigerian Breweries, Ltd.","Nigerian Breweries, Ltd.","Nigerian Breweries, Ltd.","Nigerian Breweries, Ltd.","Nigerian Breweries, Ltd.","Nigerian Breweries, Ltd.","Nigerian Breweries, Ltd.","Nigerian Breweries, Ltd.","Nigerian Breweries, Ltd.","Nigerian Breweries, Ltd."
"Cerveceria Del Baru Panama, S.A.","Cerveceria Del Baru Panama, S.A.","Cerveceria Del Baru Panama, S.A.","Cerveceria Del Baru Panama, S.A.","Cerveceria Del Baru Panama, S.A.","Cerveceria Del Baru Panama, S.A.","Cerveceria Del Baru Panama, S.A.","Cerveceria Del Baru Panama, S.A.","Cerveceria Del Baru Panama, S.A.","Cerveceria Del Baru Panama, S.A.","Cerveceria Del Baru Panama, S.A.","Cerveceria Del Baru Panama, S.A.","Cerveceria Del Baru Panama, S.A.","Cerveceria Del Baru Panama, S.A.","Cerveceria Del Baru Panama, S.A.","Cerveceria Del Baru Panama, S.A.","Cerveceria Del Baru Panama, S.A."
"South Pacific Brewery LTD","South Pacific Brewery LTD","South Pacific Brewery LTD","South Pacific Brewery LTD","South Pacific Brewery LTD","South Pacific Brewery LTD","South Pacific Brewery LTD","South Pacific Brewery LTD","South Pacific Brewery LTD","South Pacific Brewery LTD","South Pacific Brewery LTD","South Pacific Brewery LTD","South Pacific Brewery LTD","South Pacific Brewery LTD","South Pacific Brewery LTD","South Pacific Brewery LTD","South Pacific Brewery LTD"
"Zywiec Breweries PLC (Heineken)","Zywiec Breweries PLC (Heineken)","Zywiec Breweries PLC (Heineken)","Zywiec Breweries PLC (Heineken)","Zywiec Breweries PLC (Heineken)","Zywiec Breweries PLC (Heineken)","Zywiec Breweries PLC (Heineken)","Zywiec Breweries PLC (Heineken)","Zywiec Breweries PLC (Heineken)","Zywiec Breweries PLC (Heineken)","Zywiec Breweries PLC (Heineken)","Zywiec Breweries PLC (Heineken)","Zywiec Breweries PLC (Heineken)","Zywiec Breweries PLC (Heineken)","Zywiec Breweries PLC (Heineken)","Zywiec Breweries PLC (Heineken)","Zywiec Breweries PLC (Heineken)"
"Browary Warka Sp. z o.o.","Browary Warka Sp. z o.o.","Browary Warka Sp. z o.o.","Browary Warka Sp. z o.o.","Browary Warka Sp. z o.o.","Browary Warka Sp. z o.o.","Browary Warka Sp. z o.o.","Browary Warka Sp. z o.o.","Browary Warka Sp. z o.o.","Browary Warka Sp. z o.o.","Browary Warka Sp. z o.o.","Browary Warka Sp. z o.o.","Browary Warka Sp. z o.o.","Browary Warka Sp. z o.o.","Browary Warka Sp. z o.o.","Browary Warka Sp. z o.o.","Browary Warka Sp. z o.o."
"Heineken St.Petersburg Brewery Ltd.","Heineken St.Petersburg Brewery Ltd.","Heineken St.Petersburg Brewery Ltd.","Heineken St.Petersburg Brewery Ltd.","Heineken St.Petersburg Brewery Ltd.","Heineken St.Petersburg Brewery Ltd.","Heineken St.Petersburg Brewery Ltd.","Heineken St.Petersburg Brewery Ltd.","Heineken St.Petersburg Brewery Ltd.","Heineken St.Petersburg Brewery Ltd.","Heineken St.Petersburg Brewery Ltd.","Heineken St.Petersburg Brewery Ltd.","Heineken St.Petersburg Brewery Ltd.","Heineken St.Petersburg Brewery Ltd.","Heineken St.Petersburg Brewery Ltd.","Heineken St.Petersburg Brewery Ltd.","Heineken St.Petersburg Brewery Ltd."
"Windward & Leeward Brewery Ltd.","Windward & Leeward Brewery Ltd.","Windward & Leeward Brewery Ltd.","Windward & Leeward Brewery Ltd.","Windward & Leeward Brewery Ltd.","Windward & Leeward Brewery Ltd.","Windward & Leeward Brewery Ltd.","Windward & Leeward Brewery Ltd.","Windward & Leeward Brewery Ltd.","Windward & Leeward Brewery Ltd.","Windward & Leeward Brewery Ltd.","Windward & Leeward Brewery Ltd.","Windward & Leeward Brewery Ltd.","Windward & Leeward Brewery Ltd.","Windward & Leeward Brewery Ltd.","Windward & Leeward Brewery Ltd.","Windward & Leeward Brewery Ltd."
"Carlsberg Srbija D.O.O. Pivara","Carlsberg Srbija D.O.O. Pivara","Carlsberg Srbija D.O.O. Pivara","Carlsberg Srbija D.O.O. Pivara","Carlsberg Srbija D.O.O. Pivara","Carlsberg Srbija D.O.O. Pivara","Carlsberg Srbija D.O.O. Pivara","Carlsberg Srbija D.O.O. Pivara","Carlsberg Srbija D.O.O. Pivara","Carlsberg Srbija D.O.O. Pivara","Carlsberg Srbija D.O.O. Pivara","Carlsberg Srbija D.O.O. Pivara","Carlsberg Srbija D.O.O. Pivara","Carlsberg Srbija D.O.O. Pivara","Carlsberg Srbija D.O.O. Pivara","Carlsberg Srbija D.O.O. Pivara","Carlsberg Srbija D.O.O. Pivara"
"Asia Pacific Breweries Limited","Asia Pacific Breweries Limited","Asia Pacific Breweries Limited","Asia Pacific Breweries Limited","Asia Pacific Breweries Limited","Asia Pacific Breweries Limited","Asia Pacific Breweries Limited","Asia Pacific Breweries Limited","Asia Pacific Breweries Limited","Asia Pacific Breweries Limited","Asia Pacific Breweries Limited","Asia Pacific Breweries Limited","Asia Pacific Breweries Limited","Asia Pacific Breweries Limited","Asia Pacific Breweries Limited","Asia Pacific Breweries Limited","Asia Pacific Breweries Limited"
"Pivovar V Martine / Heineken Slovensko, a.s.","Pivovar V Martine / Heineken Slovensko, a.s.","Pivovar V Martine / Heineken Slovensko, a.s.","Pivovar V Martine / Heineken Slovensko, a.s.","Pivovar V Martine / Heineken Slovensko, a.s.","Pivovar V Martine / Heineken Slovensko, a.s.","Pivovar V Martine / Heineken Slovensko, a.s.","Pivovar V Martine / Heineken Slovensko, a.s.","Pivovar V Martine / Heineken Slovensko, a.s.","Pivovar V Martine / Heineken Slovensko, a.s.","Pivovar V Martine / Heineken Slovensko, a.s.","Pivovar V Martine / Heineken Slovensko, a.s.","Pivovar V Martine / Heineken Slovensko, a.s.","Pivovar V Martine / Heineken Slovensko, a.s.","Pivovar V Martine / Heineken Slovensko, a.s.","Pivovar V Martine / Heineken Slovensko, a.s.","Pivovar V Martine / Heineken Slovensko, a.s."
"Asia Pacific Brewery Lanka Ltd.","Asia Pacific Brewery Lanka Ltd.","Asia Pacific Brewery Lanka Ltd.","Asia Pacific Brewery Lanka Ltd.","Asia Pacific Brewery Lanka Ltd.","Asia Pacific Brewery Lanka Ltd.","Asia Pacific Brewery Lanka Ltd.","Asia Pacific Brewery Lanka Ltd.","Asia Pacific Brewery Lanka Ltd.","Asia Pacific Brewery Lanka Ltd.","Asia Pacific Brewery Lanka Ltd.","Asia Pacific Brewery Lanka Ltd.","Asia Pacific Brewery Lanka Ltd.","Asia Pacific Brewery Lanka Ltd.","Asia Pacific Brewery Lanka Ltd.","Asia Pacific Brewery Lanka Ltd.","Asia Pacific Brewery Lanka Ltd."
"Heineken Switzerland AG","Heineken Switzerland AG","Heineken Switzerland AG","Heineken Switzerland AG","Heineken Switzerland AG","Heineken Switzerland AG","Heineken Switzerland AG","Heineken Switzerland AG","Heineken Switzerland AG","Heineken Switzerland AG","Heineken Switzerland AG","Heineken Switzerland AG","Heineken Switzerland AG","Heineken Switzerland AG","Heineken Switzerland AG","Heineken Switzerland AG","Heineken Switzerland AG"
"BGI Tien Giang Vietnam (Asia-Pacific Breweries-Heineken)","BGI Tien Giang Vietnam (Asia-Pacific Breweries-Heineken)","BGI Tien Giang Vietnam (Asia-Pacific Breweries-Heineken)","BGI Tien Giang Vietnam (Asia-Pacific Breweries-Heineken)","BGI Tien Giang Vietnam (Asia-Pacific Breweries-Heineken)","BGI Tien Giang Vietnam (Asia-Pacific Breweries-Heineken)","BGI Tien Giang Vietnam (Asia-Pacific Breweries-Heineken)","BGI Tien Giang Vietnam (Asia-Pacific Breweries-Heineken)","BGI Tien Giang Vietnam (Asia-Pacific Breweries-Heineken)","BGI Tien Giang Vietnam (Asia-Pacific Breweries-Heineken)","BGI Tien Giang Vietnam (Asia-Pacific Breweries-Heineken)","BGI Tien Giang Vietnam (Asia-Pacific Breweries-Heineken)","BGI Tien Giang Vietnam (Asia-Pacific Breweries-Heineken)","BGI Tien Giang Vietnam (Asia-Pacific Breweries-Heineken)","BGI Tien Giang Vietnam (Asia-Pacific Breweries-Heineken)","BGI Tien Giang Vietnam (Asia-Pacific Breweries-Heineken)","BGI Tien Giang Vietnam (Asia-Pacific Breweries-Heineken)"
"John Smith's Brewery (Heineken UK)","John Smith's Brewery (Heineken UK)","John Smith's Brewery (Heineken UK)","John Smith's Brewery (Heineken UK)","John Smith's Brewery (Heineken UK)","John Smith's Brewery (Heineken UK)","John Smith's Brewery (Heineken UK)","John Smith's Brewery (Heineken UK)","John Smith's Brewery (Heineken UK)","John Smith's Brewery (Heineken UK)","John Smith's Brewery (Heineken UK)","John Smith's Brewery (Heineken UK)","John Smith's Brewery (Heineken UK)","John Smith's Brewery (Heineken UK)","John Smith's Brewery (Heineken UK)","John Smith's Brewery (Heineken UK)","John Smith's Brewery (Heineken UK)"
"Brasserie de Bourbon","Brasserie de Bourbon","Brasserie de Bourbon","Brasserie de Bourbon","Brasserie de Bourbon","Brasserie de Bourbon","Brasserie de Bourbon","Brasserie de Bourbon","Brasserie de Bourbon","Brasserie de Bourbon","Brasserie de Bourbon","Brasserie de Bourbon","Brasserie de Bourbon","Brasserie de Bourbon","Brasserie de Bourbon","Brasserie de Bourbon","Brasserie de Bourbon"
"Commonwealth Brewery Ltd.","Commonwealth Brewery Ltd.","Commonwealth Brewery Ltd.","Commonwealth Brewery Ltd.","Commonwealth Brewery Ltd.","Commonwealth Brewery Ltd.","Commonwealth Brewery Ltd.","Commonwealth Brewery Ltd.","Commonwealth Brewery Ltd.","Commonwealth Brewery Ltd.","Commonwealth Brewery Ltd.","Commonwealth Brewery Ltd.","Commonwealth Brewery Ltd.","Commonwealth Brewery Ltd.","Commonwealth Brewery Ltd.","Commonwealth Brewery Ltd.","Commonwealth Brewery Ltd."
"Birra Moretti (Heineken)","Birra Moretti (Heineken)","Birra Moretti (Heineken)","Birra Moretti (Heineken)","Birra Moretti (Heineken)","Birra Moretti (Heineken)","Birra Moretti (Heineken)","Birra Moretti (Heineken)","Birra Moretti (Heineken)","Birra Moretti (Heineken)","Birra Moretti (Heineken)","Birra Moretti (Heineken)","Birra Moretti (Heineken)","Birra Moretti (Heineken)","Birra Moretti (Heineken)","Birra Moretti (Heineken)","Birra Moretti (Heineken)"
"Ariana Brewery","Ariana Brewery","Ariana Brewery","Ariana Brewery","Ariana Brewery","Ariana Brewery","Ariana Brewery","Ariana Brewery","Ariana Brewery","Ariana Brewery","Ariana Brewery","Ariana Brewery","Ariana Brewery","Ariana Brewery","Ariana Brewery","Ariana Brewery","Ariana Brewery"
"Pivovar Corgo&#328; (Heineken Slovensko)","Pivovar Corgo&#328; (Heineken Slovensko)","Pivovar Corgo&#328; (Heineken Slovensko)","Pivovar Corgo&#328; (Heineken Slovensko)","Pivovar Corgo&#328; (Heineken Slovensko)","Pivovar Corgo&#328; (Heineken Slovensko)","Pivovar Corgo&#328; (Heineken Slovensko)","Pivovar Corgo&#328; (Heineken Slovensko)","Pivovar Corgo&#328; (Heineken Slovensko)","Pivovar Corgo&#328; (Heineken Slovensko)","Pivovar Corgo&#328; (Heineken Slovensko)","Pivovar Corgo&#328; (Heineken Slovensko)","Pivovar Corgo&#328; (Heineken Slovensko)","Pivovar Corgo&#328; (Heineken Slovensko)","Pivovar Corgo&#328; (Heineken Slovensko)","Pivovar Corgo&#328; (Heineken Slovensko)","Pivovar Corgo&#328; (Heineken Slovensko)"
"Brouwerij De Smedt / Brouwerij Affligem","Brouwerij De Smedt / Brouwerij Affligem","Brouwerij De Smedt / Brouwerij Affligem","Brouwerij De Smedt / Brouwerij Affligem","Brouwerij De Smedt / Brouwerij Affligem","Brouwerij De Smedt / Brouwerij Affligem","Brouwerij De Smedt / Brouwerij Affligem","Brouwerij De Smedt / Brouwerij Affligem","Brouwerij De Smedt / Brouwerij Affligem","Brouwerij De Smedt / Brouwerij Affligem","Brouwerij De Smedt / Brouwerij Affligem","Brouwerij De Smedt / Brouwerij Affligem","Brouwerij De Smedt / Brouwerij Affligem","Brouwerij De Smedt / Brouwerij Affligem","Brouwerij De Smedt / Brouwerij Affligem","Brouwerij De Smedt / Brouwerij Affligem","Brouwerij De Smedt / Brouwerij Affligem"
"Pivovar Zlatopramen","Pivovar Zlatopramen","Pivovar Zlatopramen","Pivovar Zlatopramen","Pivovar Zlatopramen","Pivovar Zlatopramen","Pivovar Zlatopramen","Pivovar Zlatopramen","Pivovar Zlatopramen","Pivovar Zlatopramen","Pivovar Zlatopramen","Pivovar Zlatopramen","Pivovar Zlatopramen","Pivovar Zlatopramen","Pivovar Zlatopramen","Pivovar Zlatopramen","Pivovar Zlatopramen"
"Grupo Cruzcampo SA","Grupo Cruzcampo SA","Grupo Cruzcampo SA","Grupo Cruzcampo SA","Grupo Cruzcampo SA","Grupo Cruzcampo SA","Grupo Cruzcampo SA","Grupo Cruzcampo SA","Grupo Cruzcampo SA","Grupo Cruzcampo SA","Grupo Cruzcampo SA","Grupo Cruzcampo SA","Grupo Cruzcampo SA","Grupo Cruzcampo SA","Grupo Cruzcampo SA","Grupo Cruzcampo SA","Grupo Cruzcampo SA"
,,"Al Ahram Beverages Company","Al Ahram Beverages Company","Al Ahram Beverages Company","Al Ahram Beverages Company","Al Ahram Beverages Company","Al Ahram Beverages Company","Al Ahram Beverages Company","Al Ahram Beverages Company","Al Ahram Beverages Company","Al Ahram Beverages Company","Al Ahram Beverages Company","Al Ahram Beverages Company","Al Ahram Beverages Company","Al Ahram Beverages Company","Al Ahram Beverages Company"
,,"Brasserie Almaza S.A.L.","Brasserie Almaza S.A.L.","Brasserie Almaza S.A.L.","Brasserie Almaza S.A.L.","Brasserie Almaza S.A.L.","Brasserie Almaza S.A.L.","Brasserie Almaza S.A.L.","Brasserie Almaza S.A.L.","Brasserie Almaza S.A.L.","Brasserie Almaza S.A.L.","Brasserie Almaza S.A.L.","Brasserie Almaza S.A.L.","Brasserie Almaza S.A.L.","Brasserie Almaza S.A.L.","Brasserie Almaza S.A.L."
,,,"Brau Union Österreich AG","Brau Union Österreich AG","Brau Union Österreich AG","Brau Union Österreich AG","Brau Union Österreich AG","Brau Union Österreich AG","Brau Union Österreich AG","Brau Union Österreich AG","Brau Union Österreich AG","Brau Union Österreich AG","Brau Union Österreich AG","Brau Union Österreich AG","Brau Union Österreich AG","Brau Union Österreich AG"
,,,"Karlova&#267;ka Pivovara","Karlova&#267;ka Pivovara","Karlova&#267;ka Pivovara","Karlova&#267;ka Pivovara","Karlova&#267;ka Pivovara","Karlova&#267;ka Pivovara","Karlova&#267;ka Pivovara","Karlova&#267;ka Pivovara","Karlova&#267;ka Pivovara","Karlova&#267;ka Pivovara","Karlova&#267;ka Pivovara","Karlova&#267;ka Pivovara","Karlova&#267;ka Pivovara","Karlova&#267;ka Pivovara"
,,,"Brasserie Lorraine S.A.","Brasserie Lorraine S.A.","Brasserie Lorraine S.A.","Brasserie Lorraine S.A.","Brasserie Lorraine S.A.","Brasserie Lorraine S.A.","Brasserie Lorraine S.A.","Brasserie Lorraine S.A.","Brasserie Lorraine S.A.","Brasserie Lorraine S.A.","Brasserie Lorraine S.A.","Brasserie Lorraine S.A.","Brasserie Lorraine S.A.","Brasserie Lorraine S.A."
,,,"Bere Craiova (Brau-Union Romania)","Bere Craiova (Brau-Union Romania)","Bere Craiova (Brau-Union Romania)","Bere Craiova (Brau-Union Romania)","Bere Craiova (Brau-Union Romania)","Bere Craiova (Brau-Union Romania)","Bere Craiova (Brau-Union Romania)","Bere Craiova (Brau-Union Romania)","Bere Craiova (Brau-Union Romania)","Bere Craiova (Brau-Union Romania)","Bere Craiova (Brau-Union Romania)","Bere Craiova (Brau-Union Romania)","Bere Craiova (Brau-Union Romania)","Bere Craiova (Brau-Union Romania)"
,,,"Malbera S.A. (Brau-Union Romania)","Malbera S.A. (Brau-Union Romania)","Malbera S.A. (Brau-Union Romania)","Malbera S.A. (Brau-Union Romania)","Malbera S.A. (Brau-Union Romania)","Malbera S.A. (Brau-Union Romania)","Malbera S.A. (Brau-Union Romania)","Malbera S.A. (Brau-Union Romania)","Malbera S.A. (Brau-Union Romania)","Malbera S.A. (Brau-Union Romania)","Malbera S.A. (Brau-Union Romania)","Malbera S.A. (Brau-Union Romania)","Malbera S.A. (Brau-Union Romania)","Malbera S.A. (Brau-Union Romania)"
,,,"Silva Reghin S.A. (Brau-Union Romania)","Silva Reghin S.A. (Brau-Union Romania)","Silva Reghin S.A. (Brau-Union Romania)","Silva Reghin S.A. (Brau-Union Romania)","Silva Reghin S.A. (Brau-Union Romania)","Silva Reghin S.A. (Brau-Union Romania)","Silva Reghin S.A. (Brau-Union Romania)","Silva Reghin S.A. (Brau-Union Romania)","Silva Reghin S.A. (Brau-Union Romania)","Silva Reghin S.A. (Brau-Union Romania)","Silva Reghin S.A. (Brau-Union Romania)","Silva Reghin S.A. (Brau-Union Romania)","Silva Reghin S.A. (Brau-Union Romania)","Silva Reghin S.A. (Brau-Union Romania)"
,,,,"Бочкаревский пивоваренный завод (Bochkarevskiy Pivovarennyi Zavod)","Бочкаревский пивоваренный завод (Bochkarevskiy Pivovarennyi Zavod)","Бочкаревский пивоваренный завод (Bochkarevskiy Pivovarennyi Zavod)","Бочкаревский пивоваренный завод (Bochkarevskiy Pivovarennyi Zavod)","Бочкаревский пивоваренный завод (Bochkarevskiy Pivovarennyi Zavod)","Бочкаревский пивоваренный завод (Bochkarevskiy Pivovarennyi Zavod)","Бочкаревский пивоваренный завод (Bochkarevskiy Pivovarennyi Zavod)","Бочкаревский пивоваренный завод (Bochkarevskiy Pivovarennyi Zavod)","Бочкаревский пивоваренный завод (Bochkarevskiy Pivovarennyi Zavod)","Бочкаревский пивоваренный завод (Bochkarevskiy Pivovarennyi Zavod)","Бочкаревский пивоваренный завод (Bochkarevskiy Pivovarennyi Zavod)","Бочкаревский пивоваренный завод (Bochkarevskiy Pivovarennyi Zavod)","Бочкаревский пивоваренный завод (Bochkarevskiy Pivovarennyi Zavod)"
,,,,"Kombinat Pivo-Byezalkogolnikh Napitkov ""Shikhan"" (CEBCO)","Kombinat Pivo-Byezalkogolnikh Napitkov ""Shikhan"" (CEBCO)","Kombinat Pivo-Byezalkogolnikh Napitkov ""Shikhan"" (CEBCO)","Kombinat Pivo-Byezalkogolnikh Napitkov ""Shikhan"" (CEBCO)","Kombinat Pivo-Byezalkogolnikh Napitkov ""Shikhan"" (CEBCO)","Kombinat Pivo-Byezalkogolnikh Napitkov ""Shikhan"" (CEBCO)","Kombinat Pivo-Byezalkogolnikh Napitkov ""Shikhan"" (CEBCO)","Kombinat Pivo-Byezalkogolnikh Napitkov ""Shikhan"" (CEBCO)","Kombinat Pivo-Byezalkogolnikh Napitkov ""Shikhan"" (CEBCO)","Kombinat Pivo-Byezalkogolnikh Napitkov ""Shikhan"" (CEBCO)","Kombinat Pivo-Byezalkogolnikh Napitkov ""Shikhan"" (CEBCO)","Kombinat Pivo-Byezalkogolnikh Napitkov ""Shikhan"" (CEBCO)","Kombinat Pivo-Byezalkogolnikh Napitkov ""Shikhan"" (CEBCO)"
,,,,"Volga","Volga","Volga","Volga","Volga","Volga","Volga","Volga","Volga","Volga","Volga","Volga","Volga"
,,,,,"Grande Brasserie de Nouvelle-Calédonie SA","Grande Brasserie de Nouvelle-Calédonie SA","Grande Brasserie de Nouvelle-Calédonie SA","Grande Brasserie de Nouvelle-Calédonie SA","Grande Brasserie de Nouvelle-Calédonie SA","Grande Brasserie de Nouvelle-Calédonie SA","Grande Brasserie de Nouvelle-Calédonie SA","Grande Brasserie de Nouvelle-Calédonie SA","Grande Brasserie de Nouvelle-Calédonie SA","Grande Brasserie de Nouvelle-Calédonie SA","Grande Brasserie de Nouvelle-Calédonie SA","Grande Brasserie de Nouvelle-Calédonie SA"
,,,,,"Amur","Amur","Amur","Amur","Amur","Amur","Amur","Amur","Amur","Amur","Amur","Amur"
,,,,,"Baikalskaya Pivovarenniya Kompaniya","Baikalskaya Pivovarenniya Kompaniya","Baikalskaya Pivovarenniya Kompaniya","Baikalskaya Pivovarenniya Kompaniya","Baikalskaya Pivovarenniya Kompaniya","Baikalskaya Pivovarenniya Kompaniya","Baikalskaya Pivovarenniya Kompaniya","Baikalskaya Pivovarenniya Kompaniya","Baikalskaya Pivovarenniya Kompaniya","Baikalskaya Pivovarenniya Kompaniya","Baikalskaya Pivovarenniya Kompaniya","Baikalskaya Pivovarenniya Kompaniya"
,,,,,"Patra OAO","Patra OAO","Patra OAO","Patra OAO","Patra OAO","Patra OAO","Patra OAO","Patra OAO","Patra OAO","Patra OAO","Patra OAO","Patra OAO"
,,,,,"Stepan Razin Brewery","Stepan Razin Brewery","Stepan Razin Brewery","Stepan Razin Brewery","Stepan Razin Brewery","Stepan Razin Brewery","Stepan Razin Brewery","Stepan Razin Brewery","Stepan Razin Brewery","Stepan Razin Brewery","Stepan Razin Brewery","Stepan Razin Brewery"
,,,,,"Surinaamse Brouwerij N.V.","Surinaamse Brouwerij N.V.","Surinaamse Brouwerij N.V.","Surinaamse Brouwerij N.V.","Surinaamse Brouwerij N.V.","Surinaamse Brouwerij N.V.","Surinaamse Brouwerij N.V.","Surinaamse Brouwerij N.V.","Surinaamse Brouwerij N.V.","Surinaamse Brouwerij N.V.","Surinaamse Brouwerij N.V.","Surinaamse Brouwerij N.V."
,,,,,,,"Královský Pivovar Krušovice a.s.","Královský Pivovar Krušovice a.s.","Královský Pivovar Krušovice a.s.","Královský Pivovar Krušovice a.s.","Královský Pivovar Krušovice a.s.","Královský Pivovar Krušovice a.s.","Královský Pivovar Krušovice a.s.","Královský Pivovar Krušovice a.s.","Královský Pivovar Krušovice a.s.","Královský Pivovar Krušovice a.s."
,,,,,,,,"SP Rechitsapivo OAO","SP Rechitsapivo OAO","SP Rechitsapivo OAO","SP Rechitsapivo OAO","SP Rechitsapivo OAO","SP Rechitsapivo OAO","SP Rechitsapivo OAO","SP Rechitsapivo OAO","SP Rechitsapivo OAO"
,,,,,,,,"Brouwerij Alken-Maes","Brouwerij Alken-Maes","Brouwerij Alken-Maes","Brouwerij Alken-Maes","Brouwerij Alken-Maes","Brouwerij Alken-Maes","Brouwerij Alken-Maes","Brouwerij Alken-Maes","Brouwerij Alken-Maes"
,,,,,,,,"Brouwerij Mort Subite","Brouwerij Mort Subite","Brouwerij Mort Subite","Brouwerij Mort Subite","Brouwerij Mort Subite","Brouwerij Mort Subite","Brouwerij Mort Subite","Brouwerij Mort Subite","Brouwerij Mort Subite"
,,,,,,,,"Pivovar Breznak","Pivovar Breznak","Pivovar Breznak","Pivovar Breznak","Pivovar Breznak","Pivovar Breznak","Pivovar Breznak","Pivovar Breznak","Pivovar Breznak"
,,,,,,,,"Pivovar Kutná Hora","Pivovar Kutná Hora","Pivovar Kutná Hora","Hartwall Helsinki Panimo","Hartwall Helsinki Panimo","Beamish & Crawford Plc.","Beamish & Crawford Plc.","Beamish & Crawford Plc.","Beamish & Crawford Plc."
,,,,,,,,"Pivovar Louny","Pivovar Louny","Pivovar Louny","Beamish & Crawford Plc.","Beamish & Crawford Plc.","S.C. Bere Mure&#356","S.C. Bere Mure&#357","S.C. Bere Mure&#358","S.C. Bere Mure&#359"
,,,,,,,,"Hartwall Helsinki Panimo","Hartwall Helsinki Panimo","Hartwall Helsinki Panimo","S.C. Bere Mure&#354","S.C. Bere Mure&#355","The Caledonian Brewing Company","The Caledonian Brewing Company","The Caledonian Brewing Company","The Caledonian Brewing Company"
,,,,,,,,"Beamish & Crawford Plc.","Beamish & Crawford Plc.","Beamish & Crawford Plc.","The Caledonian Brewing Company","The Caledonian Brewing Company","Brauerei Eichhof","Brauerei Eichhof","Brauerei Eichhof","Brauerei Eichhof"
,,,,,,,,"S.C. Bere Mure&#351","S.C. Bere Mure&#352","S.C. Bere Mure&#353","Brauerei Eichhof","Brauerei Eichhof","VBL Tien Giang Limited (Fosters)","VBL Tien Giang Limited (Fosters)","VBL Tien Giang Limited (Fosters)","VBL Tien Giang Limited (Fosters)"
,,,,,,,,"The Caledonian Brewing Company","The Caledonian Brewing Company","The Caledonian Brewing Company","VBL Tien Giang Limited (Fosters)","VBL Tien Giang Limited (Fosters)","Cervejaria Kaiser","Cervejaria Kaiser","Cervejaria Kaiser","Cervejaria Kaiser"
,,,,,,,,"Brauerei Eichhof","Brauerei Eichhof","Brauerei Eichhof","Cervejaria Kaiser","Cervejaria Kaiser","Cambodia Brewery Limited","Cambodia Brewery Limited","Cambodia Brewery Limited","Cambodia Brewery Limited"
,,,,,,,,"VBL Tien Giang Limited (Fosters)","VBL Tien Giang Limited (Fosters)","VBL Tien Giang Limited (Fosters)","Cambodia Brewery Limited","Cambodia Brewery Limited","Harar Beer Factory","Harar Beer Factory","Harar Beer Factory","Harar Beer Factory"
,,,,,,,,,,"Cervejaria Kaiser","Harar Beer Factory","Harar Beer Factory","Bedele Brewery","Bedele Brewery","Bedele Brewery","Bedele Brewery"
,,,,,,,,,,"Cambodia Brewery Limited","Bedele Brewery","Bedele Brewery","Brasserie de Tahiti S.A.","Brasserie de Tahiti S.A.","Brasserie de Tahiti S.A.","Brasserie de Tahiti S.A."
,,,,,,,,,,,"Brasserie de Tahiti S.A.","Brasserie de Tahiti S.A.","Brasserie Nationale d'Haiti","Brasserie Nationale d'Haiti","Brasserie Nationale d'Haiti","Brasserie Nationale d'Haiti"
,,,,,,,,,,,"Brasserie Nationale d'Haiti","Brasserie Nationale d'Haiti","Solomon Breweries","Solomon Breweries","Solomon Breweries","Solomon Breweries"
,,,,,,,,,,,"Solomon Breweries","Solomon Breweries","Cervecería Cuauhtémoc Moctezuma, S.A. de C.V.","Cervecería Cuauhtémoc Moctezuma, S.A. de C.V.","Cervecería Cuauhtémoc Moctezuma, S.A. de C.V.","Cervecería Cuauhtémoc Moctezuma, S.A. de C.V."
,,,,,,,,,,,,"Cervecería Cuauhtémoc Moctezuma, S.A. de C.V.","DB Breweries","DB Breweries","DB Breweries","DB Breweries"
,,,,,,,,,,,,"DB Breweries",,,"Companhia União de Cervejas de Angola (Pela CUCA)","Companhia União de Cervejas de Angola (Pela CUCA)"
,,,,,,,,,,,,,,,"Lagunitas Brewing Company","Lagunitas Brewing Company"
